Workbook
Name Beheerproces: Lijsten!$C$16:$C$25
Name Implementatieproces: Lijsten!$C$36:$C$44
Name Ontwerpproces: Lijsten!$C$45:$C$52
Name Overig: Lijsten!$C$90
Name Requirementsanalyseproces: Lijsten!$C$53:$C$63
Name Scrumproces: Lijsten!$C$64:$C$89
Name Testproces: Lijsten!$C$26:$C$35

Sheet Invulinstructie
N2: Namenlijst
B3: Welkom bij het tijdschrijf formulier voor het OOSDD Project | N3: Tim
N4: Edward
B5: Voor de start van het project | N5: Kai
B6: 1. Namenlijst | N6: Nicky
B7: Om met dit tijdschrijfformulier te beginnen dien je eerst de namen van de projectleden in de namenlijst te zetten. | N7: Rick
B8: Deze namenlijst vind je hier.
B9: Vervang de namen van de docenten door de namen van je eigen teamleden
B11: 2. Uren leegmaken
B12: Controleer of er geen voorbeeldinput staat op de Uren tab.
B13: Als deze er wel staat, gooi deze tabel leeg, alleen de blauwe kolommen!!
B15: Tijdens het project
B16: Als je werkzaamheden gedaan hebt voor het project registreer je deze op het uren tab.
B17: 1. Selecteer je naam uit de dropdown
B18: 2. Selecteer voor bij welk proces de werkzaamheden horen
B19: 3. Selecter de vaardigheid waar de werkzaamheden onder vallen
B20: 4. Geef een omschrijving van de werkzaamheden
B21: 5. Vul de datum in
... B29: Heb je meerdere taken gedaan op 1 dag? Vul deze dan allemaal los in, zo kan je bij de samenvatttingen mooi zien waar je tijd aan besteed is.

Sheet Uren
B3: Naam | C3: Proces | D3: Vaardigheid | E3: Omschrijving werkzaamheden | F3: Datum | G3: Uren | H3: Sprint nr | I3: Activiteit
B4: Edward | C4: Requirementsanalyseproces | D4: Bestuderen probleemstelling | E4: Analyse projectomschrijving en de oplossingsmogelijkheden | F4: 45971 | G4: 0.5 | H4: Sprint 0 | I4: =_xlfn.XLOOKUP(Timeform[[#This Row],[Vaardigheid]],Lijsten!C:C,Lijsten!A:A) -> Analyseren
B5: Edward | C5: Requirementsanalyseproces | D5: Beschrijven stakeholders | E5: Analyse van de users en hun behoeftes & de stakeholders | F5: 45971 | G5: 1 | H5: Sprint 0 | I5: =_xlfn.XLOOKUP(Timeform[[#This Row],[Vaardigheid]],Lijsten!C:C,Lijsten!A:A) -> Analyseren
B6: Edward | C6: Requirementsanalyseproces | D6: Uitvragen requirements | E6: Opstellen van requirements | F6: 45971 | G6: 0.5 | H6: Sprint 0 | I6: =_xlfn.XLOOKUP(Timeform[[#This Row],[Vaardigheid]],Lijsten!C:C,Lijsten!A:A) -> Analyseren
B7: Edward | C7: Requirementsanalyseproces | D7: Prioriteren requirements | E7: Opstellen van requirements | F7: 45971 | G7: 0.5 | H7: Sprint 0 | I7: =_xlfn.XLOOKUP(Timeform[[#This Row],[Vaardigheid]],Lijsten!C:C,Lijsten!A:A) -> Analyseren
B8: Edward | C8: Requirementsanalyseproces | D8: Vastleggen requirements | E8: Opstellen van requirements | F8: 45971 | G8: 1 | H8: Sprint 0 | I8: =_xlfn.XLOOKUP(Timeform[[#This Row],[Vaardigheid]],Lijsten!C:C,Lijsten!A:A) -> Analyseren
B9: Edward | C9: Requirementsanalyseproces | D9: Opsplitsen functionele en non-functionele requirements | E9: Opstellen van requirements | F9: 45971 | G9: 0.5 | H9: Sprint 0 | I9: =_xlfn.XLOOKUP(Timeform[[#This Row],[Vaardigheid]],Lijsten!C:C,Lijsten!A:A) -> Analyseren
B10: Edward | C10: Requirementsanalyseproces | D10: Maken domeinmodel | E10: Opstellen van het Functioneel ontwerp | F10: 45971 | G10: 1.5 | H10: Sprint 0 | I10: =_xlfn.XLOOKUP(Timeform[[#This Row],[Vaardigheid]],Lijsten!C:C,Lijsten!A:A) -> Analyseren
B11: Tim | C11: Scrumproces | D11: Communicatie opzetten | E11: Discord maken, inrichten, iedereen toevoegen | F11: 45971 | G11: 0.5 | H11: Sprint 0 | I11: =_xlfn.XLOOKUP(Timeform[[#This Row],[Vaardigheid]],Lijsten!C:C,Lijsten!A:A) -> Manage & Control
B12: Tim | C12: Scrumproces | D12: Aangeven behoeften | E12: Scrumworkshop gevolgd | F12: 45972 | G12: 3 | H12: Sprint 0 | I12: =_xlfn.XLOOKUP(Timeform[[#This Row],[Vaardigheid]],Lijsten!C:C,Lijsten!A:A) -> Manage & Control
B13: Edward | C13: Scrumproces | D13: Aangeven behoeften | E13: Scrumworkshop gevolgd | F13: 45972 | G13: 3 | H13: Sprint 0 | I13: =_xlfn.XLOOKUP(Timeform[[#This Row],[Vaardigheid]],Lijsten!C:C,Lijsten!A:A) -> Manage & Control
B14: Kai | C14: Scrumproces | D14: Aangeven behoeften | E14: Scrumworkshop gevolgd | F14: 45972 | G14: 3 | H14: Sprint 0 | I14: =_xlfn.XLOOKUP(Timeform[[#This Row],[Vaardigheid]],Lijsten!C:C,Lijsten!A:A) -> Manage & Control
B15: Tim | C15: Beheerproces | D15: Fork maken | E15: Git aangemaakt | F15: 45972 | G15: 1 | H15: Sprint 0 | I15: =_xlfn.XLOOKUP(Timeform[[#This Row],[Vaardigheid]],Lijsten!C:C,Lijsten!A:A) -> Manage & Control
... B31: Tim | C31: Beheerproces | D31: PO gesprek inplannen | E31: Gesprek voor deze week | F31: 45973 | G31: 0.35 | H31: Sprint 0 | I31: =_xlfn.XLOOKUP(Timeform[[#This Row],[Vaardigheid]],Lijsten!C:C,Lijsten!A:A) -> Realiseren
B32: Tim | C32: Scrumproces | D32: Reviewen werk | E32: Review alle documentatie van Edward | F32: 45974 | G32: 2 | H32: Sprint 0 | I32: Realiseren
B33: Tim | C33: Scrumproces | D33: Feedback geven | E33: Feedback geven gebaseert op review | F33: 45974 | G33: 0.5 | H33: Sprint 0 | I33: =_xlfn.XLOOKUP(Timeform[[#This Row],[Vaardigheid]],Lijsten!C:C,Lijsten!A:A) -> Adviseren
B34: Edward | C34: Scrumproces | D34: Feedback ontvangen | E34: Review en discussie mbt Feedback team | F34: 45974 | G34: 0.5 | H34: Sprint 0 | I34: =_xlfn.XLOOKUP(Timeform[[#This Row],[Vaardigheid]],Lijsten!C:C,Lijsten!A:A) -> Adviseren
B35: Edward | C35: Requirementsanalyseproces | D35: Maken domeinmodel | E35: Aanpassen en verrijken van het Functioneel ontwerp | F35: 45974 | G35: 3.5 | H35: Sprint 0 | I35: =_xlfn.XLOOKUP(Timeform[[#This Row],[Vaardigheid]],Lijsten!C:C,Lijsten!A:A) -> Analyseren
B36: Nicky | C36: Scrumproces | D36: Noteren actiepunten | E36: Notities opstellen in de requirement analyse | F36: 45974 | G36: 2.5 | H36: Sprint 0 | I36: =_xlfn.XLOOKUP(Timeform[[#This Row],[Vaardigheid]],Lijsten!C:C,Lijsten!A:A) -> Adviseren
B37: Nicky | C37: Scrumproces | D37: Reviewen werk | E37: Reviewen van alle documenten | F37: 45975 | G37: 1 | H37: Sprint 0 | I37: =_xlfn.XLOOKUP(Timeform[[#This Row],[Vaardigheid]],Lijsten!C:C,Lijsten!A:A) -> Realiseren
B38: Edward | C38: Scrumproces | D38: Feedback verwerken | E38: Opstellen van het Projectdocument | F38: 45975 | G38: 2.5 | H38: Sprint 0 | I38: =_xlfn.XLOOKUP(Timeform[[#This Row],[Vaardigheid]],Lijsten!C:C,Lijsten!A:A) -> Adviseren
B39: Tim | C39: Scrumproces | D39: Prioriteren productbacklog | E39: Prioriteiten aanpassen | F39: 45975 | G39: 0.5 | H39: Sprint 0 | I39: =_xlfn.XLOOKUP(Timeform[[#This Row],[Vaardigheid]],Lijsten!C:C,Lijsten!A:A) -> Analyseren
B40: Tim | C40: Scrumproces | D40: Reviewen werk | E40: Review projectdocument | F40: 45975 | G40: 0.75 | H40: Sprint 0 | I40: =_xlfn.XLOOKUP(Timeform[[#This Row],[Vaardigheid]],Lijsten!C:C,Lijsten!A:A) -> Realiseren
B41: Tim | C41: Beheerproces | D41: Maken geversioneerde release | E41: Documenten klaarzetten voor release sprint 0 | F41: 45975 | G41: 0.75 | H41: Sprint 0 | I41: =_xlfn.XLOOKUP(Timeform[[#This Row],[Vaardigheid]],Lijsten!C:C,Lijsten!A:A) -> Realiseren
B42: Edward | C42: Scrumproces | D42: Reviewen werk | E42: Review Sprint 0 aan teamleden | F42: 45975 | G42: 0.75 | H42: Sprint 0 | I42: =_xlfn.XLOOKUP(Timeform[[#This Row],[Vaardigheid]],Lijsten!C:C,Lijsten!A:A) -> Realiseren
B43: Tim | C43: Beheerproces | D43: Doorvoeren PR naar main | E43: Git merge (documentatie) | F43: 45975 | G43: 0.3 | H43: Sprint 0 | I43: =_xlfn.XLOOKUP(Timeform[[#This Row],[Vaardigheid]],Lijsten!C:C,Lijsten!A:A) -> Realiseren
B44: Tim | C44: Beheerproces | D44: Doorvoeren PR naar main | E44: Git merge (testontwerp) | F44: 45975 | G44: 0.3 | H44: Sprint 0 | I44: =_xlfn.XLOOKUP(Timeform[[#This Row],[Vaardigheid]],Lijsten!C:C,Lijsten!A:A) -> Realiseren
... B371: Tim | C371: Scrumproces | D371: Kiezen user stories | E371: User stories sorteren en verbeteren | F371: 46008 | G371: 0.75 | H371: Sprint 3 | I371: =_xlfn.XLOOKUP(Timeform[[#This Row],[Vaardigheid]],Lijsten!C:C,Lijsten!A:A) -> Analyseren
B372: Tim | E372: ziek | F372: 46008 | H372: Sprint 3 | I372: =_xlfn.XLOOKUP(Timeform[[#This Row],[Vaardigheid]],Lijsten!C:C,Lijsten!A:A) -> 0
B373: Kai | C373: Implementatieproces | D373: Structureer code | E373: beste wpm gemaakt 1/2 | F373: 46008 | G373: 1 | H373: Sprint 3 | I373: =_xlfn.XLOOKUP(Timeform[[#This Row],[Vaardigheid]],Lijsten!C:C,Lijsten!A:A) -> Realiseren
B374: Nicky | C374: Scrumproces | D374: Toevoegen taken aan user story | E374: Toevoegen taken aan user story | F374: 46008 | G374: 0.75 | H374: Sprint 3 | I374: =_xlfn.XLOOKUP(Timeform[[#This Row],[Vaardigheid]],Lijsten!C:C,Lijsten!A:A) -> Analyseren
B375: Edward | C375: Scrumproces | D375: Toevoegen taken aan user story | E375: Toevoegen verschillende user stories aan Epic's | F375: 46008 | G375: 0.5 | H375: Sprint 3 | I375: =_xlfn.XLOOKUP(Timeform[[#This Row],[Vaardigheid]],Lijsten!C:C,Lijsten!A:A) -> Analyseren
B376: Nicky | C376: Scrumproces | D376: Daily standup | E376: Dailystandup | F376: 46008 | G376: 0.5 | H376: Sprint 3 | I376: =_xlfn.XLOOKUP(Timeform[[#This Row],[Vaardigheid]],Lijsten!C:C,Lijsten!A:A) -> Manage & Control
B377: Nicky | C377: Scrumproces | D377: Reviewen werk | E377: Reviewen werk en aanpassen | F377: 46008 | G377: 2 | H377: Sprint 3 | I377: =_xlfn.XLOOKUP(Timeform[[#This Row],[Vaardigheid]],Lijsten!C:C,Lijsten!A:A) -> Realiseren
B378: Nicky | C378: Testproces | D378: Uitvoeren handmatige test | E378: Uitvoeren na merge | F378: 46008 | G378: 0.5 | H378: Sprint 3 | I378: =_xlfn.XLOOKUP(Timeform[[#This Row],[Vaardigheid]],Lijsten!C:C,Lijsten!A:A) -> Realiseren
B379: Nicky | C379: Beheerproces | D379: Inrichten .gitignore | E379: .gitignore aanpassen (teveel local files) | F379: 46008 | G379: 0.5 | H379: Sprint 3 | I379: =_xlfn.XLOOKUP(Timeform[[#This Row],[Vaardigheid]],Lijsten!C:C,Lijsten!A:A) -> Manage & Control
B380: Tim | C380: Scrumproces | D380: Daily standup | E380: Daily standup als scrummaster gehouden | F380: 46009 | G380: 0.5 | H380: Sprint 3 | I380: =_xlfn.XLOOKUP(Timeform[[#This Row],[Vaardigheid]],Lijsten!C:C,Lijsten!A:A) -> Manage & Control
B381: Tim | C381: Scrumproces | D381: Ondersteunen teamlid | E381: Hulp met merge | F381: 46009 | G381: 0.75 | H381: Sprint 3 | I381: =_xlfn.XLOOKUP(Timeform[[#This Row],[Vaardigheid]],Lijsten!C:C,Lijsten!A:A) -> Adviseren
B382: Tim | E382: ziek | F382: 46009 | H382: Sprint 3 | I382: =_xlfn.XLOOKUP(Timeform[[#This Row],[Vaardigheid]],Lijsten!C:C,Lijsten!A:A) -> 0
B383: Kai | C383: Scrumproces | D383: Daily standup | E383: Daily standup | F383: 46009 | G383: 1 | H383: Sprint 3 | I383: =_xlfn.XLOOKUP(Timeform[[#This Row],[Vaardigheid]],Lijsten!C:C,Lijsten!A:A) -> Manage & Control
B384: Kai | C384: Implementatieproces | D384: Structureer code | E384: beste wpm gemaakt 2/2 | F384: 46009 | G384: 0.5 | H384: Sprint 3 | I384: =_xlfn.XLOOKUP(Timeform[[#This Row],[Vaardigheid]],Lijsten!C:C,Lijsten!A:A) -> Realiseren
B385: Kai | C385: Implementatieproces | D385: Structureer code | E385: selectie moeilijkheid gemaakt | F385: 46009 | G385: 1.5 | H385: Sprint 3 | I385: =_xlfn.XLOOKUP(Timeform[[#This Row],[Vaardigheid]],Lijsten!C:C,Lijsten!A:A) -> Realiseren
B386: Edward | C386: Scrumproces | D386: Daily standup | E386: Daily standup | F386: 46009 | G386: 1 | H386: Sprint 3 | I386: =_xlfn.XLOOKUP(Timeform[[#This Row],[Vaardigheid]],Lijsten!C:C,Lijsten!A:A) -> Manage & Control
B387: Nicky | C387: Scrumproces | D387: Daily standup | E387: Daily standup | F387: 46009 | G387: 1 | H387: Sprint 3 | I387: =_xlfn.XLOOKUP(Timeform[[#This Row],[Vaardigheid]],Lijsten!C:C,Lijsten!A:A) -> Manage & Control
B388: Edward | C388: Scrumproces | D388: Ondersteunen teamlid | E388: Hulp met merge conflict | F388: 46009 | G388: 0.25 | H388: Sprint 3 | I388: =_xlfn.XLOOKUP(Timeform[[#This Row],[Vaardigheid]],Lijsten!C:C,Lijsten!A:A) -> Adviseren
B389: Nicky | C389: Implementatieproces | D389: Structureer code | E389: Grotere tekst | F389: 46009 | G389: 4 | H389: Sprint 3 | I389: =_xlfn.XLOOKUP(Timeform[[#This Row],[Vaardigheid]],Lijsten!C:C,Lijsten!A:A) -> Realiseren
B390: Nicky | C390: Testproces | D390: Peerreviewen code | E390: Samen naar code kijken | F390: 46009 | G390: 0.5 | H390: Sprint 3 | I390: =_xlfn.XLOOKUP(Timeform[[#This Row],[Vaardigheid]],Lijsten!C:C,Lijsten!A:A) -> Realiseren
B391: Nicky | C391: Testproces | D391: Uitvoeren handmatige test | E391: Handmatige test | F391: 46009 | G391: 0.5 | H391: Sprint 3 | I391: =_xlfn.XLOOKUP(Timeform[[#This Row],[Vaardigheid]],Lijsten!C:C,Lijsten!A:A) -> Realiseren
B392: Nicky | C392: Testproces | D392: Uitvoeren geautomatiseerde test | E392: Geautomatiseerde test uitvoeren | F392: 46009 | G392: 0.2 | H392: Sprint 3 | I392: =_xlfn.XLOOKUP(Timeform[[#This Row],[Vaardigheid]],Lijsten!C:C,Lijsten!A:A) -> Realiseren
B393: Nicky | C393: Scrumproces | D393: Reviewen werk | E393: Reviewen werk en aanpassen | F393: 46009 | G393: 2 | H393: Sprint 3 | I393: =_xlfn.XLOOKUP(Timeform[[#This Row],[Vaardigheid]],Lijsten!C:C,Lijsten!A:A) -> Realiseren
B394: Nicky | C394: Implementatieproces | D394: Structureer code | E394: Grotere tekst | F394: 46010 | G394: 2 | H394: Sprint 3 | I394: =_xlfn.XLOOKUP(Timeform[[#This Row],[Vaardigheid]],Lijsten!C:C,Lijsten!A:A) -> Realiseren
... B399: Kai | C399: Scrumproces | D399: Daily standup | E399: Daily standup | F399: 46010 | G399: 0.25 | H399: Sprint 3 | I399: =_xlfn.XLOOKUP(Timeform[[#This Row],[Vaardigheid]],Lijsten!C:C,Lijsten!A:A) -> Manage & Control
B400: Tim | E400: ziek | F400: 46010 | H400: Sprint 3 | I400: =_xlfn.XLOOKUP(Timeform[[#This Row],[Vaardigheid]],Lijsten!C:C,Lijsten!A:A) -> 0
B401: Nicky | C401: Implementatieproces | D401: Uitleg werking systeem | E401: Uitleggen nieuwe gedeelte van mijn code | F401: 46010 | G401: 0.25 | H401: Sprint 3 | I401: =_xlfn.XLOOKUP(Timeform[[#This Row],[Vaardigheid]],Lijsten!C:C,Lijsten!A:A) -> Ontwerpen
B402: Nicky | C402: Scrumproces | D402: Toevoegen taken aan user story | E402: Toevoegen taken userstory | F402: 46010 | G402: 0.5 | H402: Sprint 3 | I402: =_xlfn.XLOOKUP(Timeform[[#This Row],[Vaardigheid]],Lijsten!C:C,Lijsten!A:A) -> Analyseren
B403: Nicky | C403: Testproces | D403: Uitvoeren geautomatiseerde test | E403: Geautomatiseerde test uitvoeren | F403: 46010 | G403: 0.1 | H403: Sprint 3 | I403: =_xlfn.XLOOKUP(Timeform[[#This Row],[Vaardigheid]],Lijsten!C:C,Lijsten!A:A) -> Realiseren
B404: Nicky | C404: Scrumproces | D404: Reviewen werk | E404: Reviewen werk en aanpassen | F404: 46010 | G404: 1 | H404: Sprint 3 | I404: =_xlfn.XLOOKUP(Timeform[[#This Row],[Vaardigheid]],Lijsten!C:C,Lijsten!A:A) -> Realiseren
B405: Kai | C405: Requirementsanalyseproces | D405: Organiseren requirements | E405: TO aangepast om .txt file opslag te omvatten | F405: 46010 | G405: 1 | H405: Sprint 3 | I405: =_xlfn.XLOOKUP(Timeform[[#This Row],[Vaardigheid]],Lijsten!C:C,Lijsten!A:A) -> Manage & Control
B406: Kai | C406: Scrumproces | D406: Daily standup | E406: Daily standup | F406: 46010 | G406: 0.5 | H406: Sprint 3 | I406: =_xlfn.XLOOKUP(Timeform[[#This Row],[Vaardigheid]],Lijsten!C:C,Lijsten!A:A) -> Manage & Control
B407: Nicky | C407: Requirementsanalyseproces | D407: Vaststellen sprintdoel | E407: Project Document aanmaken | F407: 46010 | G407: 0.75 | H407: Sprint 3 | I407: =_xlfn.XLOOKUP(Timeform[[#This Row],[Vaardigheid]],Lijsten!C:C,Lijsten!A:A) -> Analyseren
B408: Nicky | C408: Testproces | D408: Uitvoeren handmatige test | E408: Uitvoeren na merge | F408: 46010 | G408: 0.2 | H408: Sprint 3 | I408: =_xlfn.XLOOKUP(Timeform[[#This Row],[Vaardigheid]],Lijsten!C:C,Lijsten!A:A) -> Realiseren
B409: Nicky | C409: Testproces | D409: Evalueren testresultaat | E409: Resultaten invoeren in rapportage | F409: 46010 | G409: 0.5 | H409: Sprint 3 | I409: =_xlfn.XLOOKUP(Timeform[[#This Row],[Vaardigheid]],Lijsten!C:C,Lijsten!A:A) -> Adviseren
B410: Kai | C410: Implementatieproces | D410: Spoor fouten op | E410: Gehele project gechecked op engelse tekst ipv nederlandse tekst, gehele eigen code reviewed | F410: 46010 | G410: 3 | H410: Sprint 3 | I410: =_xlfn.XLOOKUP(Timeform[[#This Row],[Vaardigheid]],Lijsten!C:C,Lijsten!A:A) -> Realiseren
B411: Kai | C411: Testproces | D411: Uitvoeren handmatige test | E411: Meerdere tests uitgevoerd | F411: 46010 | G411: 0.5 | H411: Sprint 3 | I411: =_xlfn.XLOOKUP(Timeform[[#This Row],[Vaardigheid]],Lijsten!C:C,Lijsten!A:A) -> Realiseren
B412: Kai | C412: Implementatieproces | D412: Spoor fouten op | E412: Fout gespot in oefenpagina | F412: 46010 | G412: 1 | H412: Sprint 3 | I412: =_xlfn.XLOOKUP(Timeform[[#This Row],[Vaardigheid]],Lijsten!C:C,Lijsten!A:A) -> Realiseren
... B425: Kai | C425: Testproces | D425: Evalueren testresultaat | E425: Laatste test bevindingen doorgevoerd naar testdocument | F425: 46010 | G425: 0.5 | H425: Sprint 3 | I425: =_xlfn.XLOOKUP(Timeform[[#This Row],[Vaardigheid]],Lijsten!C:C,Lijsten!A:A) -> Adviseren
I426: =_xlfn.XLOOKUP(Timeform[[#This Row],[Vaardigheid]],Lijsten!C:C,Lijsten!A:A) -> 0
I427: =_xlfn.XLOOKUP(Timeform[[#This Row],[Vaardigheid]],Lijsten!C:C,Lijsten!A:A) -> 0
I428: =_xlfn.XLOOKUP(Timeform[[#This Row],[Vaardigheid]],Lijsten!C:C,Lijsten!A:A) -> 0
I429: =_xlfn.XLOOKUP(Timeform[[#This Row],[Vaardigheid]],Lijsten!C:C,Lijsten!A:A) -> 0
I430: =_xlfn.XLOOKUP(Timeform[[#This Row],[Vaardigheid]],Lijsten!C:C,Lijsten!A:A) -> 0
I431: =_xlfn.XLOOKUP(Timeform[[#This Row],[Vaardigheid]],Lijsten!C:C,Lijsten!A:A) -> 0
I432: =_xlfn.XLOOKUP(Timeform[[#This Row],[Vaardigheid]],Lijsten!C:C,Lijsten!A:A) -> 0
I433: =_xlfn.XLOOKUP(Timeform[[#This Row],[Vaardigheid]],Lijsten!C:C,Lijsten!A:A) -> 0
I434: =_xlfn.XLOOKUP(Timeform[[#This Row],[Vaardigheid]],Lijsten!C:C,Lijsten!A:A) -> 0
I435: =_xlfn.XLOOKUP(Timeform[[#This Row],[Vaardigheid]],Lijsten!C:C,Lijsten!A:A) -> 0
I436: =_xlfn.XLOOKUP(Timeform[[#This Row],[Vaardigheid]],Lijsten!C:C,Lijsten!A:A) -> 0
I437: =_xlfn.XLOOKUP(Timeform[[#This Row],[Vaardigheid]],Lijsten!C:C,Lijsten!A:A) -> 0
... I864: =_xlfn.XLOOKUP(Timeform[[#This Row],[Vaardigheid]],Lijsten!C:C,Lijsten!A:A) -> 0

Sheet Lijsten
A2: Namenlijst
A3: Tim
A4: Edward
A5: Kai
A6: Nicky
A7: Rick
A15: Activiteit | B15: Proces | C15: Vaardigheid
A16: Manage & Control | B16: Beheerproces | C16: Fork maken
A17: Manage & Control | B17: Beheerproces | C17: Testen in pipeline
A18: Manage & Control | B18: Beheerproces | C18: Inrichten .gitignore
A19: Realiseren | B19: Beheerproces | C19: Mergen feature met PR
A20: Realiseren | B20: Beheerproces | C20: Maken geversioneerde release
A21: Realiseren | B21: Beheerproces | C21: Kiezen branchingstrategie
A22: Realiseren | B22: Beheerproces | C22: Maken feature branch
A23: Realiseren | B23: Beheerproces | C23: Opzetten testen in pipeline
A24: Realiseren | B24: Beheerproces | C24: Doorvoeren PR naar dev
A25: Realiseren | B25: Beheerproces | C25: Doorvoeren PR naar main
A26: Manage & Control | B26: Beheerproces | C26: Inlevering klaarmaken
... A92: Adviseren | B92: Testproces | C92: Evalueren testresultaat

Sheet Samenvattingen
B2: Verdeling over proces stappen | E2: Verdeling over HBO-I activiteiten
B3: Naam en Sprint | C3: Sum of Uren | E3: Naam en Sprint | F3: Sum of Uren
B4: Edward | C4: 146.1 | E4: Edward | F4: 146.1
B5: Sprint 0 | C5: 25.25 | E5: Sprint 0 | F5: 25.25
B6: Ontwerpproces | C6: 2 | E6: Analyseren | F6: 9
B7: Requirementsanalyseproces | C7: 11 | E7: Manage & Control | F7: 5
B8: Testproces | C8: 3.5 | E8: Realiseren | F8: 2.25
B9: Scrumproces | C9: 8.75 | E9: Ontwerpen | F9: 4
B10: Sprint 1 | C10: 22.55 | E10: Adviseren | F10: 5
B11: Implementatieproces | C11: 4 | E11: Sprint 1 | F11: 22.55
B12: Ontwerpproces | C12: 8 | E12: Analyseren | F12: 5
B13: Requirementsanalyseproces | C13: 2 | E13: Manage & Control | F13: 1
B14: Scrumproces | C14: 8.55 | E14: Realiseren | F14: 4.5
B15: Sprint 2 | C15: 51.5 | E15: Ontwerpen | F15: 8
... B48: Scrumproces | C48: 15.75 | E48: Sprint 3 | F48: 43.55
B49: Nicky | C49: 100.75 | E49: 0
B50: Sprint 0 | C50: 7.5 | E50: Analyseren | F50: 1.9
B51: Requirementsanalyseproces | C51: 1 | E51: Manage & Control | F51: 17.4
B52: Scrumproces | C52: 6.5 | E52: Realiseren | F52: 9.25
B53: Sprint 1 | C53: 12.75 | E53: Ontwerpen | F53: 9.25
B54: Implementatieproces | C54: 3.5 | E54: Adviseren | F54: 5.75
B55: Scrumproces | C55: 7 | E55: Kai | F55: 93.2
B56: Adviseren | C56: 2.25 | E56: Sprint 0 | F56: 3.5
B57: Sprint 2 | C57: 32 | E57: Manage & Control | F57: 3
B58: Implementatieproces | C58: 15 | E58: Adviseren | F58: 0.5
B59: Requirementsanalyseproces | C59: 6 | E59: Sprint 1 | F59: 19.3
B60: Scrumproces | C60: 11 | E60: Analyseren | F60: 6.5
B61: Sprint 3 | C61: 48.5 | E61: Manage & Control | F61: 1
... B95: Ontwerpproces | C95: 6 | E95: Adviseren | F95: 1.5
B96: (leeg) | E96: Rick | F96: 8.5
B97: Testproces | C97: 5.1 | E97: Sprint 2 | F97: 8.5
B98: Scrumproces | C98: 17.55 | E98: Realiseren | F98: 8.5
B99: Eindtotaal | C99: 488.25 | E99: Eindtotaal | F99: 488.25
